{
  "relation": "person_mother",
  "template_scores": {
    "{}'s mother is named": {
      "average_first_token_prob": 0.07665294132961833,
      "reliability": 0.16398390342052313,
      "overall_score": 0.01256984852789516
    },
    "{} is the mother of": {
      "average_first_token_prob": 0.0,
      "reliability": 0.0,
      "overall_score": 0.0
    },
    "{} has a child named": {
      "average_first_token_prob": 0.0027237552512339664,
      "reliability": 0.014084507042253521,
      "overall_score": 3.836275001737981e-05
    }
  },
  "best_template": "{}'s mother is named",
  "best_template_metrics": {
    "average_first_token_prob": 0.07665294132961833,
    "reliability": 0.16398390342052313,
    "overall_score": 0.01256984852789516
  }
}