{
  "relation": "person plays pro sport",
  "template_scores": {
    "{} plays the sport of": {
      "average_first_token_prob": 0.19987574163472877,
      "reliability": 0.18553459119496854,
      "overall_score": 0.03708386401399055
    },
    "{} is a professional athlete in": {
      "average_first_token_prob": 0.0011876903989779875,
      "reliability": 0.0,
      "overall_score": 0.0
    },
    "{} competes in the sport of": {
      "average_first_token_prob": 0.04784311738404088,
      "reliability": 0.1949685534591195,
      "overall_score": 0.009327903389341304
    }
  },
  "best_template": "{} plays the sport of",
  "best_template_metrics": {
    "average_first_token_prob": 0.19987574163472877,
    "reliability": 0.18553459119496854,
    "overall_score": 0.03708386401399055
  }
}