{
  "relation": "presidents election year",
  "template_scores": {
    "{} was elected in": {
      "average_first_token_prob": 0.7274362664473685,
      "reliability": 0.7894736842105263,
      "overall_score": 0.574291789300554
    },
    "{} secured election in ": {
      "average_first_token_prob": 0.0,
      "reliability": 0.0,
      "overall_score": 0.0
    },
    "{} won presidency in": {
      "average_first_token_prob": 0.6230725740131579,
      "reliability": 0.6842105263157895,
      "overall_score": 0.42631281379847646
    }
  },
  "best_template": "{} was elected in",
  "best_template_metrics": {
    "average_first_token_prob": 0.7274362664473685,
    "reliability": 0.7894736842105263,
    "overall_score": 0.574291789300554
  }
}