{
  "relation": "star constellation",
  "template_scores": {
    "{} is part of the constellation named": {
      "average_first_token_prob": 0.2465937914769294,
      "reliability": 0.16574585635359115,
      "overall_score": 0.04087189913982255
    },
    "{} belongs to the star group ": {
      "average_first_token_prob": 0.0,
      "reliability": 0.0,
      "overall_score": 0.0
    },
    "{} is in the constellation of": {
      "average_first_token_prob": 0.5003581178781077,
      "reliability": 0.5331491712707183,
      "overall_score": 0.26676551588528946
    }
  },
  "best_template": "{} is in the constellation of",
  "best_template_metrics": {
    "average_first_token_prob": 0.5003581178781077,
    "reliability": 0.5331491712707183,
    "overall_score": 0.26676551588528946
  }
}